{
  "raster_iou": 0.5251455307006836,
  "map": 0.6665410995483398,
  "average_precision_matrix": [
    [
      0.47294551134109497,
      0.5408690571784973,
      0.5748500227928162
    ],
    [
      0.6720457077026367,
      0.7103485465049744,
      0.7300288081169128
    ],
    [
      0.7033302187919617,
      0.7797373533248901,
      0.8147149085998535
    ]
  ],
  "map_thresholds": [
    2,
    4,
    6
  ],
  "sampled_recalls": [
    0.10000000149011612,
    0.19999998807907104,
    0.29999998211860657,
    0.3999999761581421,
    0.4999999701976776,
    0.6000000238418579,
    0.7000000476837158,
    0.800000011920929,
    0.8999999761581421,
    1.0
  ],
  "miou": 0.6210446357727051
}