{
  "average_precision": {
    "class_names": [
      "divider",
      "ped_crossing",
      "boundary"
    ],
    "map_thresholds": [
      0.2,
      0.5,
      1.0
    ],
    "average_precision_matrix": [
      [
        0.2501818537712097,
        0.3440346419811249,
        0.4134646952152252
      ],
      [
        0.32118257880210876,
        0.5009002685546875,
        0.6080755591392517
      ],
      [
        0.37687167525291443,
        0.5063784122467041,
        0.6138652563095093
      ]
    ],
    "per_class": {
      "divider": {
        "AP@0.2": 0.2501818537712097,
        "AP@0.5": 0.3440346419811249,
        "AP@1": 0.4134646952152252,
        "mAP": 0.33589373032251996,
        "mAP_percent": 33.589373032252
      },
      "ped_crossing": {
        "AP@0.2": 0.32118257880210876,
        "AP@0.5": 0.5009002685546875,
        "AP@1": 0.6080755591392517,
        "mAP": 0.476719468832016,
        "mAP_percent": 47.6719468832016
      },
      "boundary": {
        "AP@0.2": 0.37687167525291443,
        "AP@0.5": 0.5063784122467041,
        "AP@1": 0.6138652563095093,
        "mAP": 0.4990384479363759,
        "mAP_percent": 49.90384479363759
      }
    },
    "per_threshold": {
      "AP@0.2": 0.3160787026087443,
      "AP@0.5": 0.4504377742608388,
      "AP@1": 0.5451351702213287
    },
    "mAP": 0.43721721569697064,
    "mAP_percent": 43.72172156969707
  }
}