{
  "raster_iou": 0.3049415946006775,
  "map": 0.23175446689128876,
  "average_precision_matrix": [
    [
      0.07757162302732468,
      0.1442255824804306,
      0.19512081146240234
    ],
    [
      0.13768814504146576,
      0.30342531204223633,
      0.4493589997291565
    ],
    [
      0.13223038613796234,
      0.2682672441005707,
      0.37790197134017944
    ]
  ],
  "map_thresholds": [
    0.2,
    0.5,
    1.0
  ],
  "sampled_recalls": [
    0.10000000149011612,
    0.19999998807907104,
    0.29999998211860657,
    0.3999999761581421,
    0.4999999701976776,
    0.6000000238418579,
    0.7000000476837158,
    0.800000011920929,
    0.8999999761581421,
    1.0
  ],
  "miou": 0.3188113272190094
}