{
  "raster_iou": 0.24567222595214844,
  "map": 0.1308906078338623,
  "average_precision_matrix": [
    [
      0.060518473386764526,
      0.10498777776956558,
      0.1546158641576767
    ],
    [
      0.009665898978710175,
      0.053823623806238174,
      0.15151439607143402
    ],
    [
      0.1263473927974701,
      0.21116787195205688,
      0.3053741753101349
    ]
  ],
  "map_thresholds": [
    0.2,
    0.5,
    1.0
  ],
  "sampled_recalls": [
    0.10000000149011612,
    0.19999998807907104,
    0.29999998211860657,
    0.3999999761581421,
    0.4999999701976776,
    0.6000000238418579,
    0.7000000476837158,
    0.800000011920929,
    0.8999999761581421,
    1.0
  ],
  "miou": 0.25386691093444824
}