{
  "miou": 0.2538677752017975,
  "map": 0.3957599401473999,
  "raster_iou": 0.2454376220703125
}