{
  "raster_iou": 0.24561356008052826,
  "map": 0.12939929962158203,
  "average_precision_matrix": [
    [
      0.05805722996592522,
      0.10385158658027649,
      0.1502225399017334
    ],
    [
      0.009167720563709736,
      0.055588655173778534,
      0.1494370996952057
    ],
    [
      0.12532123923301697,
      0.2086641788482666,
      0.30428338050842285
    ]
  ],
  "map_thresholds": [
    0.2,
    0.5,
    1.0
  ],
  "sampled_recalls": [
    0.10000000149011612,
    0.19999998807907104,
    0.29999998211860657,
    0.3999999761581421,
    0.4999999701976776,
    0.6000000238418579,
    0.7000000476837158,
    0.800000011920929,
    0.8999999761581421,
    1.0
  ],
  "miou": 0.2538721561431885
}