{
  "raster_iou": 0.17820391058921814,
  "map": 0.10710409283638,
  "average_precision_matrix": [
    [
      0.03553580865263939,
      0.06758718937635422,
      0.10496947169303894
    ],
    [
      0.011816940270364285,
      0.05770573765039444,
      0.12437740713357925
    ],
    [
      0.06768858432769775,
      0.17978031933307648,
      0.3144753873348236
    ]
  ],
  "map_thresholds": [
    0.2,
    0.5,
    1.0
  ],
  "sampled_recalls": [
    0.10000000149011612,
    0.19999998807907104,
    0.29999998211860657,
    0.3999999761581421,
    0.4999999701976776,
    0.6000000238418579,
    0.7000000476837158,
    0.800000011920929,
    0.8999999761581421,
    1.0
  ],
  "miou": 0.1845259666442871
}