{
  "miou": 0.602607250213623,
  "map": 0.6636301875114441,
  "raster_iou": 0.5323001146316528
}