{
  "raster_iou": 0.1786075085401535,
  "map": 0.10311506688594818,
  "average_precision_matrix": [
    [
      0.03486184403300285,
      0.06371399015188217,
      0.1015399694442749
    ],
    [
      0.006657153833657503,
      0.03872034326195717,
      0.11497616767883301
    ],
    [
      0.07251079380512238,
      0.1784563660621643,
      0.3165990114212036
    ]
  ],
  "map_thresholds": [
    0.2,
    0.5,
    1.0
  ],
  "sampled_recalls": [
    0.10000000149011612,
    0.19999998807907104,
    0.29999998211860657,
    0.3999999761581421,
    0.4999999701976776,
    0.6000000238418579,
    0.7000000476837158,
    0.800000011920929,
    0.8999999761581421,
    1.0
  ],
  "miou": 0.18459860980510712
}