{
  "average_precision": {
    "class_names": [
      "divider",
      "ped_crossing",
      "boundary"
    ],
    "map_thresholds": [
      0.2,
      0.5,
      1.0
    ],
    "average_precision_matrix": [
      [
        0.23670247197151184,
        0.33119431138038635,
        0.40888985991477966
      ],
      [
        0.26903092861175537,
        0.47192439436912537,
        0.6074007153511047
      ],
      [
        0.3623485863208771,
        0.49488675594329834,
        0.5980659127235413
      ]
    ],
    "per_class": {
      "divider": {
        "AP@0.2": 0.23670247197151184,
        "AP@0.5": 0.33119431138038635,
        "AP@1": 0.40888985991477966,
        "mAP": 0.32559554775555927,
        "mAP_percent": 32.559554775555924
      },
      "ped_crossing": {
        "AP@0.2": 0.26903092861175537,
        "AP@0.5": 0.47192439436912537,
        "AP@1": 0.6074007153511047,
        "mAP": 0.4494520127773285,
        "mAP_percent": 44.94520127773285
      },
      "boundary": {
        "AP@0.2": 0.3623485863208771,
        "AP@0.5": 0.49488675594329834,
        "AP@1": 0.5980659127235413,
        "mAP": 0.4851004183292389,
        "mAP_percent": 48.51004183292389
      }
    },
    "per_threshold": {
      "AP@0.2": 0.2893606623013814,
      "AP@0.5": 0.4326684872309367,
      "AP@1": 0.5381188293298086
    },
    "mAP": 0.42004932628737557,
    "mAP_percent": 42.004932628737556
  }
}