{
  "miou": 0.6076452136039734,
  "map": 0.6705951690673828,
  "raster_iou": 0.5316764116287231
}