{
  "miou": 0.13313354551792145,
  "map": 0.18269069492816925,
  "raster_iou": 0.13266003131866455
}