{
  "raster_iou": 0.13266101479530334,
  "map": 0.0469939298927784,
  "average_precision_matrix": [
    [
      0.021539434790611267,
      0.04437704011797905,
      0.06692304462194443
    ],
    [
      0.0013619659002870321,
      0.006333621218800545,
      0.017106855288147926
    ],
    [
      0.04816294088959694,
      0.08374311774969101,
      0.13339735567569733
    ]
  ],
  "map_thresholds": [
    0.2,
    0.5,
    1.0
  ],
  "sampled_recalls": [
    0.10000000149011612,
    0.19999998807907104,
    0.29999998211860657,
    0.3999999761581421,
    0.4999999701976776,
    0.6000000238418579,
    0.7000000476837158,
    0.800000011920929,
    0.8999999761581421,
    1.0
  ],
  "miou": 0.13313467800617218
}