{
  "raster_iou": 0.1327010989189148,
  "map": 0.04667120799422264,
  "average_precision_matrix": [
    [
      0.020758453756570816,
      0.043147359043359756,
      0.06583862751722336
    ],
    [
      0.0008948413887992501,
      0.00676452461630106,
      0.01845438964664936
    ],
    [
      0.04819421097636223,
      0.0834445059299469,
      0.13254395127296448
    ]
  ],
  "map_thresholds": [
    0.2,
    0.5,
    1.0
  ],
  "sampled_recalls": [
    0.10000000149011612,
    0.19999998807907104,
    0.29999998211860657,
    0.3999999761581421,
    0.4999999701976776,
    0.6000000238418579,
    0.7000000476837158,
    0.800000011920929,
    0.8999999761581421,
    1.0
  ],
  "miou": 0.13313716650009155
}