{
  "average_precision": {
    "class_names": [
      "divider",
      "ped_crossing",
      "boundary"
    ],
    "map_thresholds": [
      0.2,
      0.5,
      1.0
    ],
    "average_precision_matrix": [
      [
        0.09871768206357956,
        0.16487620770931244,
        0.22462384402751923
      ],
      [
        0.04331415519118309,
        0.1314776986837387,
        0.24970369040966034
      ],
      [
        0.1904294788837433,
        0.3220078647136688,
        0.44825565814971924
      ]
    ],
    "per_class": {
      "divider": {
        "AP@0.2": 0.09871768206357956,
        "AP@0.5": 0.16487620770931244,
        "AP@1": 0.22462384402751923,
        "mAP": 0.16273924460013708,
        "mAP_percent": 16.27392446001371
      },
      "ped_crossing": {
        "AP@0.2": 0.04331415519118309,
        "AP@0.5": 0.1314776986837387,
        "AP@1": 0.24970369040966034,
        "mAP": 0.1414985147615274,
        "mAP_percent": 14.149851476152739
      },
      "boundary": {
        "AP@0.2": 0.1904294788837433,
        "AP@0.5": 0.3220078647136688,
        "AP@1": 0.44825565814971924,
        "mAP": 0.32023100058237713,
        "mAP_percent": 32.023100058237716
      }
    },
    "per_threshold": {
      "AP@0.2": 0.11082043871283531,
      "AP@0.5": 0.20612059036890665,
      "AP@1": 0.3075277308622996
    },
    "mAP": 0.20815625331468052,
    "mAP_percent": 20.815625331468052
  }
}