{
  "raster_iou": 0.29252707958221436,
  "map": 0.2081562578678131,
  "average_precision_matrix": [
    [
      0.09871768206357956,
      0.16487620770931244,
      0.22462384402751923
    ],
    [
      0.04331415519118309,
      0.1314776986837387,
      0.24970369040966034
    ],
    [
      0.1904294788837433,
      0.3220078647136688,
      0.44825565814971924
    ]
  ],
  "map_thresholds": [
    0.2,
    0.5,
    1.0
  ],
  "sampled_recalls": [
    0.10000000149011612,
    0.19999998807907104,
    0.29999998211860657,
    0.3999999761581421,
    0.4999999701976776,
    0.6000000238418579,
    0.7000000476837158,
    0.800000011920929,
    0.8999999761581421,
    1.0
  ],
  "miou": 0.3167567551136017
}