{
  "average_precision": {
    "class_names": [
      "divider",
      "ped_crossing",
      "boundary"
    ],
    "map_thresholds": [
      0.2,
      0.5,
      1.0
    ],
    "average_precision_matrix": [
      [
        0.23984980583190918,
        0.3274872899055481,
        0.39862415194511414
      ],
      [
        0.2969370186328888,
        0.4944680333137512,
        0.6201179623603821
      ],
      [
        0.3676570951938629,
        0.4929358661174774,
        0.5890219211578369
      ]
    ],
    "per_class": {
      "divider": {
        "AP@0.2": 0.23984980583190918,
        "AP@0.5": 0.3274872899055481,
        "AP@1": 0.39862415194511414,
        "mAP": 0.3219870825608571,
        "mAP_percent": 32.19870825608571
      },
      "ped_crossing": {
        "AP@0.2": 0.2969370186328888,
        "AP@0.5": 0.4944680333137512,
        "AP@1": 0.6201179623603821,
        "mAP": 0.470507671435674,
        "mAP_percent": 47.0507671435674
      },
      "boundary": {
        "AP@0.2": 0.3676570951938629,
        "AP@0.5": 0.4929358661174774,
        "AP@1": 0.5890219211578369,
        "mAP": 0.4832049608230591,
        "mAP_percent": 48.32049608230591
      }
    },
    "per_threshold": {
      "AP@0.2": 0.30148130655288696,
      "AP@0.5": 0.4382970631122589,
      "AP@1": 0.5359213451544443
    },
    "mAP": 0.42523323827319676,
    "mAP_percent": 42.52332382731968
  }
}