{
  "miou": 0.6165583729743958,
  "map": 0.6625276207923889,
  "raster_iou": 0.5343286991119385
}