{
  "raster_iou": 0.27552035450935364,
  "map": 0.20240001380443573,
  "average_precision_matrix": [
    [
      0.07269727438688278,
      0.11176903545856476,
      0.15511660277843475
    ],
    [
      0.13490629196166992,
      0.2909989655017853,
      0.43772628903388977
    ],
    [
      0.09473536908626556,
      0.2105574905872345,
      0.31309279799461365
    ]
  ],
  "map_thresholds": [
    0.2,
    0.5,
    1.0
  ],
  "sampled_recalls": [
    0.10000000149011612,
    0.19999998807907104,
    0.29999998211860657,
    0.3999999761581421,
    0.4999999701976776,
    0.6000000238418579,
    0.7000000476837158,
    0.800000011920929,
    0.8999999761581421,
    1.0
  ],
  "miou": 0.29599547386169434
}