{
  "raster_iou": 0.31619399785995483,
  "map": 0.25986120104789734,
  "average_precision_matrix": [
    [
      0.07204435765743256,
      0.12428935617208481,
      0.17269933223724365
    ],
    [
      0.19290371239185333,
      0.3609476387500763,
      0.48116931319236755
    ],
    [
      0.17697662115097046,
      0.31733888387680054,
      0.4403815269470215
    ]
  ],
  "map_thresholds": [
    0.2,
    0.5,
    1.0
  ],
  "sampled_recalls": [
    0.10000000149011612,
    0.19999998807907104,
    0.29999998211860657,
    0.3999999761581421,
    0.4999999701976776,
    0.6000000238418579,
    0.7000000476837158,
    0.800000011920929,
    0.8999999761581421,
    1.0
  ],
  "miou": 0.33792221546173096
}