{
  "raster_iou": 0.29158616065979004,
  "map": 0.22119222581386566,
  "average_precision_matrix": [
    [
      0.05234840139746666,
      0.09689246118068695,
      0.14244629442691803
    ],
    [
      0.15309365093708038,
      0.32897651195526123,
      0.48337966203689575
    ],
    [
      0.12123379856348038,
      0.2475479394197464,
      0.36481133103370667
    ]
  ],
  "map_thresholds": [
    0.2,
    0.5,
    1.0
  ],
  "sampled_recalls": [
    0.10000000149011612,
    0.19999998807907104,
    0.29999998211860657,
    0.3999999761581421,
    0.4999999701976776,
    0.6000000238418579,
    0.7000000476837158,
    0.800000011920929,
    0.8999999761581421,
    1.0
  ],
  "miou": 0.3086128532886505
}