{
  "miou": 0.2775576114654541,
  "map": 0.45089632272720337,
  "raster_iou": 0.2628513276576996
}