{
  "raster_iou": 0.2914981245994568,
  "map": 0.4983072876930237,
  "average_precision_matrix": [
    [
      0.2948600649833679,
      0.39251989126205444,
      0.45386698842048645
    ],
    [
      0.37577173113822937,
      0.4462849795818329,
      0.4804179072380066
    ],
    [
      0.5788700580596924,
      0.7001379728317261,
      0.7620360255241394
    ]
  ],
  "map_thresholds": [
    2,
    4,
    6
  ],
  "sampled_recalls": [
    0.10000000149011612,
    0.19999998807907104,
    0.29999998211860657,
    0.3999999761581421,
    0.4999999701976776,
    0.6000000238418579,
    0.7000000476837158,
    0.800000011920929,
    0.8999999761581421,
    1.0
  ],
  "miou": 0.3151380121707916
}