{
  "raster_iou": 0.29124772548675537,
  "map": 0.20951959490776062,
  "average_precision_matrix": [
    [
      0.09075769037008286,
      0.16018566489219666,
      0.2259920984506607
    ],
    [
      0.054997511208057404,
      0.15019282698631287,
      0.2638761103153229
    ],
    [
      0.18444789946079254,
      0.3161298334598541,
      0.4390967786312103
    ]
  ],
  "map_thresholds": [
    0.2,
    0.5,
    1.0
  ],
  "sampled_recalls": [
    0.10000000149011612,
    0.19999998807907104,
    0.29999998211860657,
    0.3999999761581421,
    0.4999999701976776,
    0.6000000238418579,
    0.7000000476837158,
    0.800000011920929,
    0.8999999761581421,
    1.0
  ],
  "miou": 0.31513893604278564
}