{
  "miou": 0.6014825701713562,
  "map": 0.650908887386322,
  "raster_iou": 0.5255482196807861
}