{
  "average_precision": {
    "class_names": [
      "divider",
      "ped_crossing",
      "boundary"
    ],
    "map_thresholds": [
      0.2,
      0.5,
      1.0
    ],
    "average_precision_matrix": [
      [
        0.22404035925865173,
        0.3079415559768677,
        0.3801506757736206
      ],
      [
        0.2620503604412079,
        0.4608427882194519,
        0.6090888381004333
      ],
      [
        0.34029921889305115,
        0.4579601585865021,
        0.5599501132965088
      ]
    ],
    "per_class": {
      "divider": {
        "AP@0.2": 0.22404035925865173,
        "AP@0.5": 0.3079415559768677,
        "AP@1": 0.3801506757736206,
        "mAP": 0.3040441970030467,
        "mAP_percent": 30.40441970030467
      },
      "ped_crossing": {
        "AP@0.2": 0.2620503604412079,
        "AP@0.5": 0.4608427882194519,
        "AP@1": 0.6090888381004333,
        "mAP": 0.44399399558703107,
        "mAP_percent": 44.39939955870311
      },
      "boundary": {
        "AP@0.2": 0.34029921889305115,
        "AP@0.5": 0.4579601585865021,
        "AP@1": 0.5599501132965088,
        "mAP": 0.452736496925354,
        "mAP_percent": 45.2736496925354
      }
    },
    "per_threshold": {
      "AP@0.2": 0.2754633128643036,
      "AP@0.5": 0.40891483426094055,
      "AP@1": 0.5163965423901876
    },
    "mAP": 0.40025822983847725,
    "mAP_percent": 40.025822983847725
  }
}