{
  "miou": 0.618174135684967,
  "map": 0.6698042750358582,
  "raster_iou": 0.5352218151092529
}