{
  "average_precision": {
    "class_names": [
      "divider",
      "ped_crossing",
      "boundary"
    ],
    "map_thresholds": [
      0.2,
      0.5,
      1.0
    ],
    "average_precision_matrix": [
      [
        0.2160518765449524,
        0.31169867515563965,
        0.38229191303253174
      ],
      [
        0.28839924931526184,
        0.48283737897872925,
        0.6201834678649902
      ],
      [
        0.37531471252441406,
        0.49938446283340454,
        0.6004595756530762
      ]
    ],
    "per_class": {
      "divider": {
        "AP@0.2": 0.2160518765449524,
        "AP@0.5": 0.31169867515563965,
        "AP@1": 0.38229191303253174,
        "mAP": 0.3033474882443746,
        "mAP_percent": 30.334748824437458
      },
      "ped_crossing": {
        "AP@0.2": 0.28839924931526184,
        "AP@0.5": 0.48283737897872925,
        "AP@1": 0.6201834678649902,
        "mAP": 0.46380669871966046,
        "mAP_percent": 46.38066987196605
      },
      "boundary": {
        "AP@0.2": 0.37531471252441406,
        "AP@0.5": 0.49938446283340454,
        "AP@1": 0.6004595756530762,
        "mAP": 0.4917195836702983,
        "mAP_percent": 49.17195836702983
      }
    },
    "per_threshold": {
      "AP@0.2": 0.2932552794615428,
      "AP@0.5": 0.4313068389892578,
      "AP@1": 0.5343116521835327
    },
    "mAP": 0.41962459021144444,
    "mAP_percent": 41.96245902114445
  }
}