{
  "raster_iou": 0.30953797698020935,
  "map": 0.22908742725849152,
  "average_precision_matrix": [
    [
      0.05834325775504112,
      0.10527511686086655,
      0.15210884809494019
    ],
    [
      0.14725299179553986,
      0.3128015398979187,
      0.46672573685646057
    ],
    [
      0.15150275826454163,
      0.2742999792098999,
      0.3934766352176666
    ]
  ],
  "map_thresholds": [
    0.2,
    0.5,
    1.0
  ],
  "sampled_recalls": [
    0.10000000149011612,
    0.19999998807907104,
    0.29999998211860657,
    0.3999999761581421,
    0.4999999701976776,
    0.6000000238418579,
    0.7000000476837158,
    0.800000011920929,
    0.8999999761581421,
    1.0
  ],
  "miou": 0.3246897757053375
}