{
  "average_precision": {
    "class_names": [
      "divider",
      "ped_crossing",
      "boundary"
    ],
    "map_thresholds": [
      0.2,
      0.5,
      1.0
    ],
    "average_precision_matrix": [
      [
        0.20980682969093323,
        0.2967611253261566,
        0.36969268321990967
      ],
      [
        0.26307111978530884,
        0.4681181311607361,
        0.6130061149597168
      ],
      [
        0.3466684818267822,
        0.46808046102523804,
        0.5702113509178162
      ]
    ],
    "per_class": {
      "divider": {
        "AP@0.2": 0.20980682969093323,
        "AP@0.5": 0.2967611253261566,
        "AP@1": 0.36969268321990967,
        "mAP": 0.2920868794123332,
        "mAP_percent": 29.20868794123332
      },
      "ped_crossing": {
        "AP@0.2": 0.26307111978530884,
        "AP@0.5": 0.4681181311607361,
        "AP@1": 0.6130061149597168,
        "mAP": 0.4480651219685872,
        "mAP_percent": 44.80651219685872
      },
      "boundary": {
        "AP@0.2": 0.3466684818267822,
        "AP@0.5": 0.46808046102523804,
        "AP@1": 0.5702113509178162,
        "mAP": 0.4616534312566121,
        "mAP_percent": 46.16534312566121
      }
    },
    "per_threshold": {
      "AP@0.2": 0.27318214376767475,
      "AP@0.5": 0.4109865725040436,
      "AP@1": 0.5176367163658142
    },
    "mAP": 0.4006018108791775,
    "mAP_percent": 40.06018108791775
  }
}