{
  "miou": 0.6076128482818604,
  "map": 0.6513087749481201,
  "raster_iou": 0.5290257334709167
}