{
  "raster_iou": 0.28170597553253174,
  "map": 0.2065664678812027,
  "average_precision_matrix": [
    [
      0.04767409339547157,
      0.08987896889448166,
      0.12874135375022888
    ],
    [
      0.15088453888893127,
      0.32402941584587097,
      0.46132636070251465
    ],
    [
      0.09957310557365417,
      0.22111254930496216,
      0.33587774634361267
    ]
  ],
  "map_thresholds": [
    0.2,
    0.5,
    1.0
  ],
  "sampled_recalls": [
    0.10000000149011612,
    0.19999998807907104,
    0.29999998211860657,
    0.3999999761581421,
    0.4999999701976776,
    0.6000000238418579,
    0.7000000476837158,
    0.800000011920929,
    0.8999999761581421,
    1.0
  ],
  "miou": 0.3025833070278168
}