{
  "raster_iou": 0.2863442897796631,
  "map": 0.1991015523672104,
  "average_precision_matrix": [
    [
      0.04513747617602348,
      0.08332975953817368,
      0.12782414257526398
    ],
    [
      0.12386327981948853,
      0.2827150821685791,
      0.44617149233818054
    ],
    [
      0.10448362678289413,
      0.23118074238300323,
      0.3472083508968353
    ]
  ],
  "map_thresholds": [
    0.2,
    0.5,
    1.0
  ],
  "sampled_recalls": [
    0.10000000149011612,
    0.19999998807907104,
    0.29999998211860657,
    0.3999999761581421,
    0.4999999701976776,
    0.6000000238418579,
    0.7000000476837158,
    0.800000011920929,
    0.8999999761581421,
    1.0
  ],
  "miou": 0.3012934923171997
}